Country Name,Country Code,Series Name,Series Code,1960 [YR1960],1961 [YR1961],1962 [YR1962],1963 [YR1963],1964 [YR1964],1965 [YR1965],1966 [YR1966],1967 [YR1967],1968 [YR1968],1969 [YR1969],1970 [YR1970],1971 [YR1971],1972 [YR1972],1973 [YR1973],1974 [YR1974],1975 [YR1975],1976 [YR1976],1977 [YR1977],1978 [YR1978],1979 [YR1979],1980 [YR1980],1981 [YR1981],1982 [YR1982],1983 [YR1983],1984 [YR1984],1985 [YR1985],1986 [YR1986],1987 [YR1987],1988 [YR1988],1989 [YR1989],1990 [YR1990],1991 [YR1991],1992 [YR1992],1993 [YR1993],1994 [YR1994],1995 [YR1995],1996 [YR1996],1997 [YR1997],1998 [YR1998],1999 [YR1999],2000 [YR2000],2001 [YR2001],2002 [YR2002],2003 [YR2003],2004 [YR2004],2005 [YR2005],2006 [YR2006],2007 [YR2007],2008 [YR2008],2009 [YR2009],2010 [YR2010],2011 [YR2011],2012 [YR2012],2013 [YR2013],2014 [YR2014],2015 [YR2015],2016 [YR2016],2017 [YR2017],2018 [YR2018],2019 [YR2019],2020 [YR2020],2021 [YR2021],2022 [YR2022],2023 [YR2023]
Austria,AUT,Control of Corruption: Estimate,CC.EST,..,..,..,..,..,..,..,..,..,..,..,..,..,..,..,..,..,..,..,..,..,..,..,..,..,..,..,..,..,..,..,..,..,..,..,..,1.732163548,..,1.79937923,..,1.751058698,..,1.915159225,1.963868618,2.026624441,1.912423491,1.904876947,2.003345251,1.828758121,1.6940341,1.596122026,1.47028935,1.427254438,1.537276983,1.466501832,1.472043753,1.496880531,1.50082016,1.568587184,1.521324396,1.477709413,1.24272728,1.258586764,1.133653283
Austria,AUT,Government Effectiveness: Estimate,GE.EST,..,..,..,..,..,..,..,..,..,..,..,..,..,..,..,..,..,..,..,..,..,..,..,..,..,..,..,..,..,..,..,..,..,..,..,..,1.731649637,..,1.803506255,..,1.847265244,..,1.880228162,1.930461287,1.843770623,1.679529071,1.827385187,1.863565922,1.771658182,1.662739277,1.8125211,1.602885246,1.560189724,1.571379542,1.552995682,1.450979114,1.4748106,1.467751503,1.456116676,1.492126226,1.605863214,1.528294683,1.464922786,1.326681495
Austria,AUT,Rule of Law: Estimate,RL.EST,..,..,..,..,..,..,..,..,..,..,..,..,..,..,..,..,..,..,..,..,..,..,..,..,..,..,..,..,..,..,..,..,..,..,..,..,1.808153033,..,1.803287983,..,1.81233263,..,1.85791266,1.847917438,1.816664338,1.847249508,1.899768829,1.941825628,1.910698891,1.777442694,1.801202655,1.79896307,1.857123733,1.83409059,1.938436151,1.814775348,1.761461854,1.8003546,1.853483081,1.862298131,1.770608902,1.751754522,1.704273224,1.746565461
Austria,AUT,Political Stability and Absence of Violence/Terrorism: Estimate,PV.EST,..,..,..,..,..,..,..,..,..,..,..,..,..,..,..,..,..,..,..,..,..,..,..,..,..,..,..,..,..,..,..,..,..,..,..,..,1.410462856,..,1.110600591,..,0.822056413,..,1.358955383,0.962002456,1.0896492,1.103950024,1.07445085,1.284419298,1.339270592,1.190873981,1.152648211,1.193521619,1.340566874,1.364100575,1.270700455,1.129330516,0.892175972,1.02962482,0.884860396,0.892189026,0.887600899,0.899554431,0.648710012,0.727989197
Austria,AUT,Voice and Accountability: Estimate,VA.EST,..,..,..,..,..,..,..,..,..,..,..,..,..,..,..,..,..,..,..,..,..,..,..,..,..,..,..,..,..,..,..,..,..,..,..,..,1.448950052,..,1.354778886,..,1.317559481,..,1.307496905,1.343882084,1.475651145,1.378656507,1.372684956,1.369262457,1.35846436,1.392844677,1.430290699,1.402443647,1.448773026,1.456526399,1.391296029,1.383691907,1.337847829,1.386221647,1.399549246,1.337158322,1.394628882,1.386383414,1.413657665,1.411248326
Belgium,BEL,Control of Corruption: Estimate,CC.EST,..,..,..,..,..,..,..,..,..,..,..,..,..,..,..,..,..,..,..,..,..,..,..,..,..,..,..,..,..,..,..,..,..,..,..,..,1.359654307,..,1.313234091,..,1.446859002,..,1.45780158,1.375112772,1.360382557,1.377162457,1.301286578,1.347415328,1.36263752,1.452005267,1.473829985,1.519928932,1.559110403,1.604317307,1.512720346,1.474453568,1.531243801,1.404194951,1.429573298,1.448797941,1.445801735,1.455202103,1.49497354,1.336844444
Belgium,BEL,Government Effectiveness: Estimate,GE.EST,..,..,..,..,..,..,..,..,..,..,..,..,..,..,..,..,..,..,..,..,..,..,..,..,..,..,..,..,..,..,..,..,..,..,..,..,1.711543679,..,1.770154357,..,1.659194231,..,1.915110826,1.868789554,1.854309201,1.706509709,1.743163943,1.602339387,1.381182075,1.567460179,1.654209852,1.723475814,1.671174169,1.701954961,1.5173527,1.529445291,1.397638321,1.240784049,1.224631786,1.113318324,1.078235269,1.0855726,1.227186441,1.037021995
Belgium,BEL,Rule of Law: Estimate,RL.EST,..,..,..,..,..,..,..,..,..,..,..,..,..,..,..,..,..,..,..,..,..,..,..,..,..,..,..,..,..,..,..,..,..,..,..,..,1.366946697,..,1.218205571,..,1.313934088,..,1.344935656,1.33109653,1.311229825,1.257640839,1.2245996,1.315387249,1.335205793,1.377148151,1.417852521,1.434848905,1.448809624,1.456766129,1.54851687,1.456225634,1.393803477,1.320625901,1.338592529,1.33615768,1.327594042,1.291775823,1.348230839,1.29537487
Belgium,BEL,Political Stability and Absence of Violence/Terrorism: Estimate,PV.EST,..,..,..,..,..,..,..,..,..,..,..,..,..,..,..,..,..,..,..,..,..,..,..,..,..,..,..,..,..,..,..,..,..,..,..,..,1.288499475,..,1.024129868,..,1.129811168,..,1.260802388,0.858237803,0.709136724,0.793774188,0.856375813,0.757325053,0.620571196,0.820824683,0.810646176,0.954535425,0.92359972,0.940082729,0.701269448,0.577092111,0.42960611,0.417607278,0.393769443,0.458395332,0.521078527,0.662682593,0.581981599,0.403853089
Belgium,BEL,Voice and Accountability: Estimate,VA.EST,..,..,..,..,..,..,..,..,..,..,..,..,..,..,..,..,..,..,..,..,..,..,..,..,..,..,..,..,..,..,..,..,..,..,..,..,1.433299541,..,1.342847466,..,1.366504431,..,1.377452493,1.478290319,1.440266132,1.420762181,1.342394352,1.36077106,1.324988484,1.346692204,1.360686898,1.325163245,1.349421859,1.372986197,1.366299629,1.387548447,1.377250671,1.338638425,1.330443859,1.308383584,1.278140426,1.270899653,1.297092557,1.325729012
Bulgaria,BGR,Control of Corruption: Estimate,CC.EST,..,..,..,..,..,..,..,..,..,..,..,..,..,..,..,..,..,..,..,..,..,..,..,..,..,..,..,..,..,..,..,..,..,..,..,..,-0.361505151,..,-0.178232148,..,-0.178624526,..,-0.171931699,-0.087321013,0.06820406,0.018745424,-0.110585965,-0.231792405,-0.274787337,-0.229267567,-0.237023547,-0.26926437,-0.281460792,-0.327892512,-0.303166449,-0.346440643,-0.260855675,-0.196330279,-0.188220024,-0.181220517,-0.322349757,-0.258131921,-0.158206031,-0.137721658
Bulgaria,BGR,Government Effectiveness: Estimate,GE.EST,..,..,..,..,..,..,..,..,..,..,..,..,..,..,..,..,..,..,..,..,..,..,..,..,..,..,..,..,..,..,..,..,..,..,..,..,-0.042584829,..,-0.083464123,..,0.037975479,..,0.173596397,0.033697139,0.078745045,0.134381101,-0.130292177,-0.121084288,-0.172577277,0.071481422,-0.065325461,-0.071111389,-0.028386928,-0.013232986,-0.112378895,-0.012558597,0.088832639,0.098009646,0.111848846,0.173703477,-0.214027837,-0.173440278,-0.271232963,0.047112051
Bulgaria,BGR,Rule of Law: Estimate,RL.EST,..,..,..,..,..,..,..,..,..,..,..,..,..,..,..,..,..,..,..,..,..,..,..,..,..,..,..,..,..,..,..,..,..,..,..,..,-0.344958007,..,-0.222114488,..,-0.123777077,..,-0.056049991,-0.171991765,-0.118167765,-0.108557619,-0.108846173,-0.057684425,-0.121088021,-0.040312354,-0.097061358,-0.141564161,-0.115051359,-0.147255629,-0.082029149,-0.159493551,-0.140443802,-0.124960564,-0.105849832,-0.037413392,-0.127672985,-0.068868451,-0.10792271,-0.006857681
Bulgaria,BGR,Political Stability and Absence of Violence/Terrorism: Estimate,PV.EST,..,..,..,..,..,..,..,..,..,..,..,..,..,..,..,..,..,..,..,..,..,..,..,..,..,..,..,..,..,..,..,..,..,..,..,..,-0.091028079,..,0.57502526,..,0.377964616,..,0.467512369,0.173525497,0.003630734,0.14727059,0.39442119,0.357635468,0.369860709,0.353678972,0.36009106,0.301750302,0.379833996,0.170710385,0.078540899,0.010424642,0.068279371,0.321379662,0.444411188,0.561284423,0.401631027,0.364739358,0.31342864,0.341861486
Bulgaria,BGR,Voice and Accountability: Estimate,VA.EST,..,..,..,..,..,..,..,..,..,..,..,..,..,..,..,..,..,..,..,..,..,..,..,..,..,..,..,..,..,..,..,..,..,..,..,..,0.428986371,..,0.437017411,..,0.46049878,..,0.528531253,0.545891941,0.569690168,0.59489274,0.577117205,0.690935314,0.577976346,0.560471177,0.531482577,0.450080156,0.400915593,0.337255388,0.366472214,0.43263942,0.402378172,0.430081695,0.365172893,0.354652226,0.259386778,0.284104586,0.287512124,0.388988107
Croatia,HRV,Control of Corruption: Estimate,CC.EST,..,..,..,..,..,..,..,..,..,..,..,..,..,..,..,..,..,..,..,..,..,..,..,..,..,..,..,..,..,..,..,..,..,..,..,..,-0.578690052,..,-0.586468279,..,-0.035381917,..,0.225011632,0.258523047,0.239370078,0.139555231,0.044990115,0.059037972,-0.05050467,-0.086094983,0.023101466,0.027720679,-0.025457293,0.107450113,0.200835213,0.199906364,0.155666068,0.059624635,0.046769924,0.052447699,0.177110493,0.037536457,0.147807404,0.181928679
Croatia,HRV,Government Effectiveness: Estimate,GE.EST,..,..,..,..,..,..,..,..,..,..,..,..,..,..,..,..,..,..,..,..,..,..,..,..,..,..,..,..,..,..,..,..,..,..,..,..,0.102206022,..,0.038035642,..,0.36339438,..,0.328575701,0.318801135,0.44430086,0.455620646,0.555540442,0.456446975,0.572743833,0.58542639,0.581434488,0.502175212,0.675028205,0.675364792,0.676334918,0.457353413,0.422308266,0.535491705,0.513932765,0.456785351,0.424775809,0.552374601,0.58131361,0.712653697
Croatia,HRV,Rule of Law: Estimate,RL.EST,..,..,..,..,..,..,..,..,..,..,..,..,..,..,..,..,..,..,..,..,..,..,..,..,..,..,..,..,..,..,..,..,..,..,..,..,-0.634232163,..,-0.406373352,..,-0.029868536,..,-0.144792929,-0.045993946,0.041216489,0.083347566,-0.048246041,0.038477756,0.025006728,0.043875948,0.080469035,0.109395981,0.145079002,0.177962199,0.218224168,0.127412468,0.339856982,0.308922589,0.301529646,0.348268539,0.236185566,0.275418937,0.367797107,0.360605568
Croatia,HRV,Political Stability and Absence of Violence/Terrorism: Estimate,PV.EST,..,..,..,..,..,..,..,..,..,..,..,..,..,..,..,..,..,..,..,..,..,..,..,..,..,..,..,..,..,..,..,..,..,..,..,..,-0.03835905,..,0.067885965,..,0.28022489,..,0.628807724,0.558495879,0.686754405,0.434474081,0.560829282,0.605396986,0.57365191,0.61292696,0.608463645,0.62374711,0.606891453,0.64266789,0.619112372,0.586513638,0.654191136,0.681905687,0.793678284,0.685510695,0.607283235,0.621595681,0.672563255,0.59771204
Croatia,HRV,Voice and Accountability: Estimate,VA.EST,..,..,..,..,..,..,..,..,..,..,..,..,..,..,..,..,..,..,..,..,..,..,..,..,..,..,..,..,..,..,..,..,..,..,..,..,-0.161426276,..,-0.292461693,..,0.510653853,..,0.556711018,0.623684108,0.658320606,0.452612311,0.481493741,0.517976046,0.467806965,0.486277699,0.47642836,0.521082401,0.540830553,0.513696015,0.514897346,0.555477858,0.525477707,0.479264796,0.446175158,0.454173118,0.579596341,0.601495922,0.616291225,0.569745064
Cyprus,CYP,Control of Corruption: Estimate,CC.EST,..,..,..,..,..,..,..,..,..,..,..,..,..,..,..,..,..,..,..,..,..,..,..,..,..,..,..,..,..,..,..,..,..,..,..,..,1.331288218,..,1.061723828,..,1.081236482,..,1.126284242,1.192308187,0.873254597,0.899039984,1.085562587,1.073370457,1.193127513,0.9054178,0.969285846,0.859248042,1.243302345,1.238527775,1.070675373,0.971173227,0.78945446,0.746647298,0.607749343,0.598950326,0.349943221,0.369423598,0.421445221,0.332707405
Cyprus,CYP,Government Effectiveness: Estimate,GE.EST,..,..,..,..,..,..,..,..,..,..,..,..,..,..,..,..,..,..,..,..,..,..,..,..,..,..,..,..,..,..,..,..,..,..,..,..,1.171663761,..,1.19583571,..,1.074904203,..,1.295337439,1.123273849,1.107524633,1.152428985,1.261753798,1.421165586,1.52377522,1.4143821,1.526511192,1.557888627,1.383601069,1.359903574,1.135199547,1.017550707,0.92626673,0.885378718,0.883620501,0.955758095,0.839448512,0.697915256,0.730335236,0.737739921
Cyprus,CYP,Rule of Law: Estimate,RL.EST,..,..,..,..,..,..,..,..,..,..,..,..,..,..,..,..,..,..,..,..,..,..,..,..,..,..,..,..,..,..,..,..,..,..,..,..,0.857321024,..,0.945576549,..,1.016058803,..,0.989593506,0.938781798,0.908674181,0.877258122,1.09397459,1.105589747,1.206638575,1.206133962,1.209607244,1.065313101,1.093559384,1.029958487,1.074716806,1.010267019,0.693160892,0.854454517,0.721053481,0.726727247,0.547239065,0.605679333,0.570125759,0.628040314
Cyprus,CYP,Political Stability and Absence of Violence/Terrorism: Estimate,PV.EST,..,..,..,..,..,..,..,..,..,..,..,..,..,..,..,..,..,..,..,..,..,..,..,..,..,..,..,..,..,..,..,..,..,..,..,..,0.38775152,..,0.222172737,..,0.517499864,..,0.199420601,0.532275915,0.380177587,0.517519236,0.539664984,0.537055731,0.639003932,0.390287489,0.452444822,0.607984483,0.635126054,0.563347161,0.551882088,0.542449117,0.593786836,0.53097415,0.484542251,0.544598222,0.288777649,0.422150671,0.423811227,0.409627169
Cyprus,CYP,Voice and Accountability: Estimate,VA.EST,..,..,..,..,..,..,..,..,..,..,..,..,..,..,..,..,..,..,..,..,..,..,..,..,..,..,..,..,..,..,..,..,..,..,..,..,1.035754323,..,0.983076632,..,1.057137489,..,1.117119074,0.994463027,0.950031281,0.955872655,1.052067399,1.066655755,1.084034085,1.068027616,1.023390651,1.053583145,1.022023559,0.98077035,1.019945383,1.031616211,1.046518445,1.056258798,1.01570797,1.0466398,0.902293324,0.855743706,0.85035038,0.974570155
Czechia,CZE,Control of Corruption: Estimate,CC.EST,..,..,..,..,..,..,..,..,..,..,..,..,..,..,..,..,..,..,..,..,..,..,..,..,..,..,..,..,..,..,..,..,..,..,..,..,0.683219373,..,0.522349358,..,0.146037668,..,0.358057916,0.489982098,0.38449049,0.48022601,0.350346774,0.321369082,0.343739986,0.380892634,0.384590119,0.383604437,0.310179651,0.299111813,0.429756612,0.467913359,0.555945516,0.568141341,0.509728491,0.533485949,0.555441022,0.615270674,0.663074553,0.767809868
Czechia,CZE,Government Effectiveness: Estimate,GE.EST,..,..,..,..,..,..,..,..,..,..,..,..,..,..,..,..,..,..,..,..,..,..,..,..,..,..,..,..,..,..,..,..,..,..,..,..,0.620582998,..,0.585556746,..,0.587459147,..,0.921997309,0.854176342,0.864507556,0.913030744,1.082499385,0.845191836,0.951468647,0.873511851,0.901729405,0.922613502,0.921718597,0.915809274,1.031133413,1.025596142,1.008115768,1.03059423,0.951154172,0.919642746,0.910964906,1.069740176,1.093418837,1.114011407
Czechia,CZE,Rule of Law: Estimate,RL.EST,..,..,..,..,..,..,..,..,..,..,..,..,..,..,..,..,..,..,..,..,..,..,..,..,..,..,..,..,..,..,..,..,..,..,..,..,0.915322721,..,0.866274714,..,0.607116282,..,0.859825134,0.873709798,0.758330762,0.857741058,0.862385094,0.878743947,0.900237203,0.956217825,0.93091917,1.017497182,1.022601604,1.023870587,1.138872147,1.107087374,0.988326967,1.088589311,1.019806266,1.017093539,1.018450618,1.090407252,1.100396514,1.142183661
Czechia,CZE,Political Stability and Absence of Violence/Terrorism: Estimate,PV.EST,..,..,..,..,..,..,..,..,..,..,..,..,..,..,..,..,..,..,..,..,..,..,..,..,..,..,..,..,..,..,..,..,..,..,..,..,1.147758007,..,0.899568975,..,0.332739621,..,1.044100642,0.887058139,0.653875828,0.936384082,1.053728819,1.015414,1.049879551,0.90582937,0.989233732,1.109117627,1.054106116,1.084778547,0.989990473,0.970251083,0.963384211,0.990650773,1.026412845,0.94199568,0.912328005,0.947537839,0.814114571,0.967361629
Czechia,CZE,Voice and Accountability: Estimate,VA.EST,..,..,..,..,..,..,..,..,..,..,..,..,..,..,..,..,..,..,..,..,..,..,..,..,..,..,..,..,..,..,..,..,..,..,..,..,1.034855723,..,0.967962325,..,0.762775123,..,1.016403556,1.014175177,0.954461277,0.90567255,0.962292671,0.995283782,1.032758713,1.033044219,1.014865041,1.022664309,0.97037971,0.984483719,1.026631832,1.042741656,1.025281429,0.88014704,0.822354138,0.83415252,0.978554964,1.008247614,1.041141272,1.076549172
Denmark,DNK,Control of Corruption: Estimate,CC.EST,..,..,..,..,..,..,..,..,..,..,..,..,..,..,..,..,..,..,..,..,..,..,..,..,..,..,..,..,..,..,..,..,..,..,..,..,2.231307983,..,2.196660995,..,2.321177483,..,2.310651064,2.358764887,2.406824589,2.278205633,2.459118366,2.434834003,2.376408815,2.435494423,2.352359056,2.392884016,2.382462263,2.399377823,2.25215745,2.185854197,2.203002691,2.190749168,2.156995773,2.12164855,2.236486197,2.333371401,2.402638197,2.376053095
Denmark,DNK,Government Effectiveness: Estimate,GE.EST,..,..,..,..,..,..,..,..,..,..,..,..,..,..,..,..,..,..,..,..,..,..,..,..,..,..,..,..,..,..,..,..,..,..,..,..,1.759047866,..,1.910748959,..,1.896548867,..,2.024043322,2.087978601,2.287221909,2.114906788,2.223954439,2.347190857,2.241359234,2.228607893,2.100070477,2.101074696,1.986991048,1.943262935,1.784928679,1.794742465,1.821177006,1.746830583,1.810602069,1.87326777,1.840067387,1.959734082,1.990135074,2.015648842
Denmark,DNK,Rule of Law: Estimate,RL.EST,..,..,..,..,..,..,..,..,..,..,..,..,..,..,..,..,..,..,..,..,..,..,..,..,..,..,..,..,..,..,..,..,..,..,..,..,1.820808649,..,1.837266684,..,1.808733463,..,1.882340789,1.920511007,1.930523992,1.936109066,1.983498931,1.995170474,1.954056263,1.917127132,1.898441792,1.919791341,1.875066876,1.902285337,2.100738287,2.015134811,1.882947206,1.80426836,1.773226142,1.833377361,1.80679369,1.895721316,1.899580598,1.908935905
Denmark,DNK,Political Stability and Absence of Violence/Terrorism: Estimate,PV.EST,..,..,..,..,..,..,..,..,..,..,..,..,..,..,..,..,..,..,..,..,..,..,..,..,..,..,..,..,..,..,..,..,..,..,..,..,1.441964746,..,1.431966305,..,1.50106895,..,1.52424407,1.203815699,1.084337354,1.073495388,1.046792865,1.118189216,1.065386772,1.001182675,1.040961027,1.10029304,0.914910674,0.959233463,0.951779723,0.887059271,0.852912426,0.854937553,0.931982338,0.967598736,0.920233727,0.928662658,0.868917704,0.85084796
Denmark,DNK,Voice and Accountability: Estimate,VA.EST,..,..,..,..,..,..,..,..,..,..,..,..,..,..,..,..,..,..,..,..,..,..,..,..,..,..,..,..,..,..,..,..,..,..,..,..,1.538971782,..,1.467340946,..,1.535965323,..,1.532867908,1.601452231,1.800991774,1.739608884,1.5716362,1.477704406,1.538305998,1.538259983,1.541956902,1.551707029,1.674114227,1.666237831,1.524556637,1.553068399,1.54204452,1.518103123,1.574022174,1.543434024,1.51478529,1.544975519,1.591254354,1.664699316
Estonia,EST,Control of Corruption: Estimate,CC.EST,..,..,..,..,..,..,..,..,..,..,..,..,..,..,..,..,..,..,..,..,..,..,..,..,..,..,..,..,..,..,..,..,..,..,..,..,0.449222982,..,0.655492127,..,0.840922892,..,0.739191175,0.922725499,0.982846856,0.994831264,1.012343884,0.96780771,0.952435076,1.000682592,0.989536285,1.045448303,1.088298321,1.181444526,1.298770547,1.255370736,1.231093168,1.202630877,1.468503714,1.525247574,1.58082056,1.506608486,1.544712782,1.538122296
Estonia,EST,Government Effectiveness: Estimate,GE.EST,..,..,..,..,..,..,..,..,..,..,..,..,..,..,..,..,..,..,..,..,..,..,..,..,..,..,..,..,..,..,..,..,..,..,..,..,0.61150378,..,0.495435953,..,0.687826872,..,0.667886496,0.8802706,0.903343916,0.937840044,1.146915197,1.00763607,1.157636881,1.00224793,1.076666474,1.067273974,0.945922077,0.966788173,1.011212349,1.035938263,1.054597974,1.072290301,1.150558114,1.139766812,1.299006701,1.343293428,1.342632174,1.263469934
Estonia,EST,Rule of Law: Estimate,RL.EST,..,..,..,..,..,..,..,..,..,..,..,..,..,..,..,..,..,..,..,..,..,..,..,..,..,..,..,..,..,..,..,..,..,..,..,..,0.574426711,..,0.592054188,..,0.594717026,..,0.791837811,0.770817876,0.883017778,0.903708637,1.129732013,1.122275472,1.155439734,1.124658585,1.153129935,1.175814986,1.150941491,1.191370249,1.369859576,1.300507903,1.192592263,1.248477578,1.203457355,1.242725968,1.335088134,1.389358044,1.426283956,1.426388979
Estonia,EST,Political Stability and Absence of Violence/Terrorism: Estimate,PV.EST,..,..,..,..,..,..,..,..,..,..,..,..,..,..,..,..,..,..,..,..,..,..,..,..,..,..,..,..,..,..,..,..,..,..,..,..,0.767924547,..,0.657050669,..,0.902080297,..,0.927854419,0.894786239,0.703926206,0.605274677,0.736678243,0.634109557,0.571973562,0.567619026,0.661366999,0.611041307,0.636465192,0.748215437,0.780257881,0.613857269,0.662796259,0.64237076,0.580415547,0.630197763,0.709816992,0.748589516,0.727880895,0.660533905
Estonia,EST,Voice and Accountability: Estimate,VA.EST,..,..,..,..,..,..,..,..,..,..,..,..,..,..,..,..,..,..,..,..,..,..,..,..,..,..,..,..,..,..,..,..,..,..,..,..,0.926167071,..,1.03417027,..,0.98800236,..,1.072951317,1.07057941,1.093419075,0.992168546,1.068221688,1.073010921,1.09165287,1.08552134,1.105651736,1.133725882,1.111924648,1.116829753,1.1702981,1.186918259,1.208197594,1.214544058,1.190202832,1.179304481,1.167182088,1.179385662,1.201954246,1.219925523
Finland,FIN,Control of Corruption: Estimate,CC.EST,..,..,..,..,..,..,..,..,..,..,..,..,..,..,..,..,..,..,..,..,..,..,..,..,..,..,..,..,..,..,..,..,..,..,..,..,2.206872463,..,2.199661732,..,2.368235588,..,2.369009733,2.374123812,2.410111427,2.314718962,2.454110861,2.389477491,2.320845842,2.240718603,2.151669741,2.191915035,2.226846695,2.200242758,2.15926671,2.21564579,2.186306953,2.162336588,2.171759129,2.113932848,2.17043972,2.237840652,2.246865034,2.221516609
Finland,FIN,Government Effectiveness: Estimate,GE.EST,..,..,..,..,..,..,..,..,..,..,..,..,..,..,..,..,..,..,..,..,..,..,..,..,..,..,..,..,..,..,..,..,..,..,..,..,1.724996448,..,1.949857116,..,2.029718637,..,2.096402645,2.194003105,2.147619724,2.124531746,2.167617321,1.968120813,2.041240215,2.225460052,2.223886967,2.235192299,2.210311174,2.180622101,2.025045633,1.843161941,1.841619015,1.977277756,2.013877869,1.972805023,1.901003957,1.918310881,1.754582405,1.738606572
Finland,FIN,Rule of Law: Estimate,RL.EST,..,..,..,..,..,..,..,..,..,..,..,..,..,..,..,..,..,..,..,..,..,..,..,..,..,..,..,..,..,..,..,..,..,..,..,..,1.907921553,..,1.952075005,..,1.953407645,..,1.903888941,1.958634257,1.939888597,1.950941563,1.959513426,1.89684999,1.910381198,1.962568879,1.961252689,1.939538002,1.944033504,1.955682635,2.124761581,2.053036451,2.007715702,2.02406764,2.034399033,2.012629032,2.018592119,2.013476133,1.957899809,1.967045903
Finland,FIN,Political Stability and Absence of Violence/Terrorism: Estimate,PV.EST,..,..,..,..,..,..,..,..,..,..,..,..,..,..,..,..,..,..,..,..,..,..,..,..,..,..,..,..,..,..,..,..,..,..,..,..,1.412718773,..,1.473387837,..,1.720112085,..,1.75318408,1.687017441,1.61962688,1.594946861,1.501111031,1.488697052,1.445868373,1.459671497,1.423606873,1.393471003,1.400765181,1.385172486,1.282197237,1.027998209,0.982591867,1.063808203,0.891889691,0.835258842,0.981825113,0.963275969,0.894830108,0.713986695
Finland,FIN,Voice and Accountability: Estimate,VA.EST,..,..,..,..,..,..,..,..,..,..,..,..,..,..,..,..,..,..,..,..,..,..,..,..,..,..,..,..,..,..,..,..,..,..,..,..,1.51769793,..,1.467298269,..,1.593033314,..,1.552903652,1.572457075,1.783608437,1.687096953,1.494072199,1.460226774,1.463081241,1.465267062,1.486712694,1.507551432,1.60069716,1.57362318,1.541842341,1.543697,1.532104969,1.559548616,1.589352489,1.562997818,1.609511852,1.609369397,1.6067698,1.63263607
France,FRA,Control of Corruption: Estimate,CC.EST,..,..,..,..,..,..,..,..,..,..,..,..,..,..,..,..,..,..,..,..,..,..,..,..,..,..,..,..,..,..,..,..,..,..,..,..,1.247409225,..,1.350772858,..,1.32172358,..,1.191585183,1.305756092,1.311163783,1.357538223,1.45506084,1.456001759,1.39503479,1.429969311,1.487756133,1.537773252,1.471969485,1.304333687,1.287985563,1.247834802,1.328288913,1.224527001,1.2815516,1.248062253,1.122619987,1.281936288,1.259436131,1.184821844
France,FRA,Government Effectiveness: Estimate,GE.EST,..,..,..,..,..,..,..,..,..,..,..,..,..,..,..,..,..,..,..,..,..,..,..,..,..,..,..,..,..,..,..,..,..,..,..,..,1.2518574,..,1.45350337,..,1.637057304,..,1.544081688,1.651094556,1.755630255,1.666454792,1.628476262,1.464574933,1.574034333,1.477054477,1.462661028,1.392306805,1.373381257,1.482052445,1.412870884,1.417322278,1.380623579,1.308906794,1.419718504,1.33822,1.204251051,1.228540301,1.165212154,1.14462626
France,FRA,Rule of Law: Estimate,RL.EST,..,..,..,..,..,..,..,..,..,..,..,..,..,..,..,..,..,..,..,..,..,..,..,..,..,..,..,..,..,..,..,..,..,..,..,..,1.483683348,..,1.364515781,..,1.432307482,..,1.212872624,1.333288908,1.425192833,1.407830477,1.462172866,1.456374407,1.496273756,1.445757031,1.499731541,1.429734826,1.436932445,1.402362823,1.453503013,1.36679554,1.351561904,1.398061872,1.396224737,1.371484876,1.298727274,1.259167552,1.180583358,1.180570841
France,FRA,Political Stability and Absence of Violence/Terrorism: Estimate,PV.EST,..,..,..,..,..,..,..,..,..,..,..,..,..,..,..,..,..,..,..,..,..,..,..,..,..,..,..,..,..,..,..,..,..,..,..,..,0.887499452,..,0.698888779,..,0.785089076,..,0.924183249,0.179551065,0.345115304,0.399723917,0.595505774,0.563000798,0.543759167,0.512012899,0.681087554,0.602992833,0.554941535,0.448744118,0.300568491,0.097759806,-0.106349595,0.265701532,0.013894104,0.271341234,0.280992836,0.325612366,0.393339217,0.343697965
France,FRA,Voice and Accountability: Estimate,VA.EST,..,..,..,..,..,..,..,..,..,..,..,..,..,..,..,..,..,..,..,..,..,..,..,..,..,..,..,..,..,..,..,..,..,..,..,..,1.311158419,..,1.171781659,..,1.182986617,..,1.154342294,1.122662783,1.45645833,1.476771235,1.298722863,1.259766817,1.304794312,1.244535089,1.202856541,1.170668364,1.238105774,1.219202757,1.218132377,1.206741929,1.13691318,1.152718186,1.15752542,1.115000129,1.065752983,1.104227185,1.110156775,1.154601336
Germany,DEU,Control of Corruption: Estimate,CC.EST,..,..,..,..,..,..,..,..,..,..,..,..,..,..,..,..,..,..,..,..,..,..,..,..,..,..,..,..,..,..,..,..,..,..,..,..,1.905216813,..,1.997946858,..,1.801545382,..,1.888743639,1.87576139,1.840065479,1.875442266,1.793642521,1.726519346,1.745895863,1.746210337,1.766428828,1.741949916,1.817630172,1.798000813,1.812294841,1.775833249,1.781293988,1.796975613,1.898398638,1.865103364,1.825341582,1.782924771,1.818363428,1.664166212
Germany,DEU,Government Effectiveness: Estimate,GE.EST,..,..,..,..,..,..,..,..,..,..,..,..,..,..,..,..,..,..,..,..,..,..,..,..,..,..,..,..,..,..,..,..,..,..,..,..,1.724676728,..,1.812501669,..,1.804531693,..,1.660018086,1.357405186,1.46714747,1.500524759,1.645976067,1.63131237,1.514055371,1.575109243,1.515693784,1.500138998,1.530975819,1.5104146,1.664824605,1.656397581,1.66018796,1.613111734,1.523563743,1.495345831,1.313688159,1.289112926,1.289299607,1.185416698
Germany,DEU,Rule of Law: Estimate,RL.EST,..,..,..,..,..,..,..,..,..,..,..,..,..,..,..,..,..,..,..,..,..,..,..,..,..,..,..,..,..,..,..,..,..,..,..,..,1.609529257,..,1.621989489,..,1.609418869,..,1.634389877,1.637584686,1.620204449,1.652198195,1.770086169,1.755590677,1.734026194,1.648672223,1.637504697,1.618219256,1.669232011,1.641983867,1.850204706,1.759140015,1.583301544,1.574070454,1.591375351,1.581319332,1.520127773,1.571804762,1.531995177,1.551207781
Germany,DEU,Political Stability and Absence of Violence/Terrorism: Estimate,PV.EST,..,..,..,..,..,..,..,..,..,..,..,..,..,..,..,..,..,..,..,..,..,..,..,..,..,..,..,..,..,..,..,..,..,..,..,..,1.288499475,..,1.242147803,..,1.411335707,..,1.09601748,0.577859223,0.638884366,0.88891536,1.025069594,0.995823801,0.943830788,0.859902501,0.796834469,0.842218459,0.775621295,0.92798388,0.925186455,0.687514961,0.667541146,0.574381292,0.577865243,0.548539877,0.645049155,0.725788176,0.628491879,0.586989284
Germany,DEU,Voice and Accountability: Estimate,VA.EST,..,..,..,..,..,..,..,..,..,..,..,..,..,..,..,..,..,..,..,..,..,..,..,..,..,..,..,..,..,..,..,..,..,..,..,..,1.32889533,..,1.291888475,..,1.314802051,..,1.414031386,1.413554311,1.496040106,1.485833883,1.365230918,1.336478472,1.336777806,1.334960699,1.297783256,1.349210739,1.393738031,1.406130433,1.436296225,1.422137141,1.364667416,1.432480812,1.443117142,1.354028225,1.373909116,1.419566989,1.414487004,1.461385727
Greece,GRC,Control of Corruption: Estimate,CC.EST,..,..,..,..,..,..,..,..,..,..,..,..,..,..,..,..,..,..,..,..,..,..,..,..,..,..,..,..,..,..,..,..,..,..,..,..,0.33865419,..,0.755532086,..,0.631434977,..,0.403180629,0.363324076,0.450190425,0.351383656,0.357532442,0.261930704,0.126674965,0.062898904,-0.062511668,-0.101170935,-0.19037801,-0.075443044,-0.136098176,-0.119139403,-0.134527221,-0.112043098,-0.056208048,0.013698228,0.031950839,0.183011442,0.037597861,0.097846925
Greece,GRC,Government Effectiveness: Estimate,GE.EST,..,..,..,..,..,..,..,..,..,..,..,..,..,..,..,..,..,..,..,..,..,..,..,..,..,..,..,..,..,..,..,..,..,..,..,..,0.83755517,..,0.736908495,..,0.587037921,..,0.77604568,0.703846335,0.785955906,0.709748507,0.629231572,0.55182898,0.577969372,0.615196586,0.492912799,0.451953709,0.276448935,0.357173413,0.298027337,0.145935848,0.12441732,0.239155456,0.258464664,0.314295799,0.402936995,0.406026542,0.446967661,0.148003027
Greece,GRC,Rule of Law: Estimate,RL.EST,..,..,..,..,..,..,..,..,..,..,..,..,..,..,..,..,..,..,..,..,..,..,..,..,..,..,..,..,..,..,..,..,..,..,..,..,1.05352366,..,0.77567035,..,0.861044526,..,0.723845243,0.789709985,0.899134219,0.784953773,0.863401473,0.859287739,0.853603005,0.646844327,0.583895683,0.533327162,0.388231575,0.467316538,0.373986781,0.25249213,0.112394169,0.050266612,0.113017321,0.158072606,0.288973033,0.321165591,0.325134873,0.213158578
Greece,GRC,Political Stability and Absence of Violence/Terrorism: Estimate,PV.EST,..,..,..,..,..,..,..,..,..,..,..,..,..,..,..,..,..,..,..,..,..,..,..,..,..,..,..,..,..,..,..,..,..,..,..,..,0.553863883,..,0.771396816,..,0.808356404,..,0.872591853,0.477636367,0.489336252,0.506524146,0.630432785,0.523507833,0.267854154,-0.208124295,-0.127206877,-0.098695189,-0.217248693,-0.171341717,-0.140445963,-0.235559732,-0.129703641,-0.081244044,0.153979063,0.162428334,0.115181528,0.101383269,0.106463775,0.239744067
Greece,GRC,Voice and Accountability: Estimate,VA.EST,..,..,..,..,..,..,..,..,..,..,..,..,..,..,..,..,..,..,..,..,..,..,..,..,..,..,..,..,..,..,..,..,..,..,..,..,1.003164291,..,1.103217363,..,1.013062,..,1.04801929,1.156673908,1.191414952,1.097569346,0.965482771,0.983873904,0.92821151,0.891443253,0.897718012,0.820455015,0.700790524,0.687213719,0.618707538,0.651585519,0.668896377,0.658747911,0.741765857,0.810683846,0.962944686,0.945290208,0.956881702,1.012167215
Hungary,HUN,Control of Corruption: Estimate,CC.EST,..,..,..,..,..,..,..,..,..,..,..,..,..,..,..,..,..,..,..,..,..,..,..,..,..,..,..,..,..,..,..,..,..,..,..,..,0.666908205,..,0.732710958,..,0.720579922,..,0.574014664,0.635689139,0.665135562,0.625532269,0.633171618,0.595291078,0.434097022,0.395329833,0.303954065,0.332649559,0.298703164,0.293921649,0.156544849,0.118709452,0.072164074,0.090621345,0.055339221,0.030637173,0.068954095,0.01195485,-0.103261694,-0.000498131
Hungary,HUN,Government Effectiveness: Estimate,GE.EST,..,..,..,..,..,..,..,..,..,..,..,..,..,..,..,..,..,..,..,..,..,..,..,..,..,..,..,..,..,..,..,..,..,..,..,..,0.863268733,..,0.936182857,..,0.999929845,..,0.991949141,0.827253759,0.801826775,0.748192906,0.839411974,0.691066802,0.695977867,0.668048382,0.644822657,0.650211632,0.608617842,0.678418398,0.582895637,0.509736955,0.457127035,0.481280267,0.443152636,0.450478911,0.538535595,0.59682107,0.533869922,0.372758895
Hungary,HUN,Rule of Law: Estimate,RL.EST,..,..,..,..,..,..,..,..,..,..,..,..,..,..,..,..,..,..,..,..,..,..,..,..,..,..,..,..,..,..,..,..,..,..,..,..,0.910500646,..,0.813627005,..,0.832505941,..,0.868621826,0.805350184,0.846134841,0.838809192,0.976617098,0.941449285,0.913386524,0.771155953,0.772669375,0.756602585,0.611102879,0.583020031,0.509202778,0.382024467,0.413626254,0.537432313,0.555069685,0.498684227,0.492385805,0.505373418,0.422067136,0.427084535
Hungary,HUN,Political Stability and Absence of Violence/Terrorism: Estimate,PV.EST,..,..,..,..,..,..,..,..,..,..,..,..,..,..,..,..,..,..,..,..,..,..,..,..,..,..,..,..,..,..,..,..,..,..,..,..,1.006688952,..,1.219403625,..,0.918442905,..,1.260672212,1.131863952,0.828297615,1.003100395,0.98567611,0.747096717,0.75026387,0.536816299,0.685783744,0.743254066,0.67579478,0.796646118,0.669904828,0.737792492,0.64338094,0.796200514,0.737591445,0.761921287,0.837046862,0.798591256,0.678676307,0.731891811
Hungary,HUN,Voice and Accountability: Estimate,VA.EST,..,..,..,..,..,..,..,..,..,..,..,..,..,..,..,..,..,..,..,..,..,..,..,..,..,..,..,..,..,..,..,..,..,..,..,..,1.015237093,..,1.070460796,..,1.135266662,..,1.15602231,1.167382121,1.149414063,1.175189376,1.015040755,1.041055679,0.965708435,0.909724355,0.89423722,0.836973131,0.749367654,0.737164617,0.553214014,0.560090661,0.402424246,0.537440479,0.487892836,0.34357354,0.390373111,0.397480607,0.425347447,0.359528899
Ireland,IRL,Control of Corruption: Estimate,CC.EST,..,..,..,..,..,..,..,..,..,..,..,..,..,..,..,..,..,..,..,..,..,..,..,..,..,..,..,..,..,..,..,..,..,..,..,..,1.708908081,..,1.545052171,..,1.38453424,..,1.368625998,1.41381526,1.270406127,1.584446549,1.70114398,1.739237309,1.735993505,1.750300288,1.681157708,1.556076646,1.455700159,1.646044135,1.692251205,1.673640013,1.649452686,1.529602289,1.5349406,1.458814383,1.535128117,1.619385481,1.674414754,1.575288892
Ireland,IRL,Government Effectiveness: Estimate,GE.EST,..,..,..,..,..,..,..,..,..,..,..,..,..,..,..,..,..,..,..,..,..,..,..,..,..,..,..,..,..,..,..,..,..,..,..,..,1.670319676,..,1.736843228,..,1.592732906,..,1.571493626,1.496550441,1.519247532,1.730557203,1.531674147,1.554253817,1.491493106,1.33218801,1.344303727,1.45015204,1.539069533,1.504042864,1.598833084,1.520840526,1.329557776,1.267288804,1.378243089,1.257561564,1.435243845,1.463425398,1.548570275,1.591145515
Ireland,IRL,Rule of Law: Estimate,RL.EST,..,..,..,..,..,..,..,..,..,..,..,..,..,..,..,..,..,..,..,..,..,..,..,..,..,..,..,..,..,..,..,..,..,..,..,..,1.501040101,..,1.591489792,..,1.539682627,..,1.59532547,1.482466817,1.510679841,1.584284186,1.708898306,1.728221416,1.704128385,1.743099332,1.760813236,1.746468544,1.727203608,1.709154487,1.760586381,1.728361249,1.466212273,1.381221294,1.412509441,1.348281622,1.456300735,1.493008018,1.526777506,1.633583546
Ireland,IRL,Political Stability and Absence of Violence/Terrorism: Estimate,PV.EST,..,..,..,..,..,..,..,..,..,..,..,..,..,..,..,..,..,..,..,..,..,..,..,..,..,..,..,..,..,..,..,..,..,..,..,..,1.343453646,..,1.512910008,..,1.584100127,..,1.50421679,1.348457694,1.17082572,1.298666835,1.192410588,1.215192676,1.18687439,1.057366014,1.020165324,0.948998928,0.941072702,0.901075721,1.052991152,0.895332575,0.833849669,0.99341011,1.011369586,0.959416449,0.965521574,0.84366262,0.884667397,0.901911557
Ireland,IRL,Voice and Accountability: Estimate,VA.EST,..,..,..,..,..,..,..,..,..,..,..,..,..,..,..,..,..,..,..,..,..,..,..,..,..,..,..,..,..,..,..,..,..,..,..,..,1.382436991,..,1.355704904,..,1.408248782,..,1.270815134,1.276466012,1.477552295,1.623854518,1.39654088,1.397141814,1.422590494,1.353573442,1.324431658,1.305360556,1.322521329,1.311689138,1.31748867,1.334760427,1.291181087,1.294673681,1.295765638,1.303240895,1.389360428,1.41767168,1.454295039,1.483456016
Italy,ITA,Control of Corruption: Estimate,CC.EST,..,..,..,..,..,..,..,..,..,..,..,..,..,..,..,..,..,..,..,..,..,..,..,..,..,..,..,..,..,..,..,..,..,..,..,..,0.407847583,..,0.490962476,..,0.699464858,..,0.523466825,0.484606415,0.361397028,0.403579652,0.477287948,0.331189245,0.262665063,0.194480166,0.283443719,0.299565822,0.172010645,0.070905864,0.005657753,0.026577624,0.081554696,0.175231233,0.215687439,0.233934671,0.50953573,0.517084956,0.527714252,0.550129175
Italy,ITA,Government Effectiveness: Estimate,GE.EST,..,..,..,..,..,..,..,..,..,..,..,..,..,..,..,..,..,..,..,..,..,..,..,..,..,..,..,..,..,..,..,..,..,..,..,..,0.840325475,..,0.829069972,..,0.722742617,..,0.753255427,0.743869483,0.628187001,0.556203485,0.356097698,0.191648334,0.272778869,0.417277068,0.467300355,0.403479129,0.447511166,0.532426715,0.472872227,0.490196675,0.544244647,0.491924196,0.408853263,0.450929791,0.360754579,0.325260878,0.448645294,0.611036897
Italy,ITA,Rule of Law: Estimate,RL.EST,..,..,..,..,..,..,..,..,..,..,..,..,..,..,..,..,..,..,..,..,..,..,..,..,..,..,..,..,..,..,..,..,..,..,..,..,1.056424022,..,0.801862299,..,0.838105559,..,0.740141988,0.688429892,0.590003908,0.509243011,0.379006386,0.467548192,0.447921455,0.399145484,0.454773188,0.483442843,0.425940156,0.436259419,0.422147244,0.288353831,0.366415024,0.319133818,0.240623876,0.272417158,0.206682667,0.240348026,0.296974033,0.390358686
Italy,ITA,Political Stability and Absence of Violence/Terrorism: Estimate,PV.EST,..,..,..,..,..,..,..,..,..,..,..,..,..,..,..,..,..,..,..,..,..,..,..,..,..,..,..,..,..,..,..,..,..,..,..,..,1.110385418,..,1.192702293,..,0.916669428,..,0.838429809,0.431488335,0.269257694,0.489115536,0.530733764,0.446970046,0.547544241,0.346905887,0.473923683,0.501207411,0.508217514,0.495499194,0.458165407,0.3632572,0.355933428,0.292910486,0.326271683,0.381114274,0.399345398,0.550520957,0.466298223,0.583320737
Italy,ITA,Voice and Accountability: Estimate,VA.EST,..,..,..,..,..,..,..,..,..,..,..,..,..,..,..,..,..,..,..,..,..,..,..,..,..,..,..,..,..,..,..,..,..,..,..,..,1.129290819,..,1.0639745,..,1.040719151,..,1.038653016,0.985716999,1.177167773,1.057029247,1.064523578,1.111907482,1.032023787,1.034216046,0.962826371,0.911823928,0.916809261,0.954193354,0.999258757,1.034905076,1.035199761,0.990754128,0.963442385,0.905108035,1.054613113,1.084316492,1.074317932,1.115530849
Latvia,LVA,Control of Corruption: Estimate,CC.EST,..,..,..,..,..,..,..,..,..,..,..,..,..,..,..,..,..,..,..,..,..,..,..,..,..,..,..,..,..,..,..,..,..,..,..,..,-0.203338757,..,0.144059569,..,-0.041916825,..,0.010846358,0.242927805,0.153246522,0.367340833,0.356723547,0.338474423,0.230154261,0.202161014,0.203808978,0.279343724,0.238223135,0.321280241,0.409777433,0.434054464,0.395586461,0.500998259,0.29723978,0.480458021,0.693109572,0.720612168,0.693807185,0.698113978
Latvia,LVA,Government Effectiveness: Estimate,GE.EST,..,..,..,..,..,..,..,..,..,..,..,..,..,..,..,..,..,..,..,..,..,..,..,..,..,..,..,..,..,..,..,..,..,..,..,..,0.48545891,..,0.187779129,..,0.209914908,..,0.486781418,0.59832114,0.574418247,0.529817045,0.654658258,0.425278246,0.521047175,0.619090796,0.722773254,0.689273953,0.8283481,0.879350841,0.950847924,1.053409934,0.965538025,0.865553975,1.000285029,1.065746903,0.838092744,0.832942486,0.691537678,0.696560979
Latvia,LVA,Rule of Law: Estimate,RL.EST,..,..,..,..,..,..,..,..,..,..,..,..,..,..,..,..,..,..,..,..,..,..,..,..,..,..,..,..,..,..,..,..,..,..,..,..,0.133667782,..,0.236508295,..,0.14890109,..,0.310219884,0.58185941,0.538846016,0.565877914,0.61689353,0.715804815,0.777326226,0.789916635,0.75860405,0.74016881,0.779922068,0.762152135,0.870915234,0.766673684,0.927819967,0.900835395,0.923180342,0.979084551,0.922136366,0.949516475,0.921031415,1.039860964
Latvia,LVA,Political Stability and Absence of Violence/Terrorism: Estimate,PV.EST,..,..,..,..,..,..,..,..,..,..,..,..,..,..,..,..,..,..,..,..,..,..,..,..,..,..,..,..,..,..,..,..,..,..,..,..,0.561403096,..,0.0337703,..,0.41943416,..,0.944357157,1.001643181,0.616755247,0.814021409,0.838368714,0.561930537,0.203508124,0.348279804,0.527854025,0.320002139,0.453626722,0.593635261,0.487268358,0.43631041,0.467219561,0.45295468,0.395444006,0.426870435,0.462181747,0.673440218,0.486409128,0.591089129
Latvia,LVA,Voice and Accountability: Estimate,VA.EST,..,..,..,..,..,..,..,..,..,..,..,..,..,..,..,..,..,..,..,..,..,..,..,..,..,..,..,..,..,..,..,..,..,..,..,..,0.723347485,..,0.828436792,..,0.742288053,..,0.837780058,0.767004192,0.700535595,0.781813085,0.846699059,0.828915298,0.780786276,0.849935353,0.794243872,0.736775279,0.775515556,0.770385981,0.849420309,0.84657979,0.842499852,0.797488391,0.792210937,0.855535626,0.868685663,0.89630264,0.937443793,0.993027687
Lithuania,LTU,Control of Corruption: Estimate,CC.EST,..,..,..,..,..,..,..,..,..,..,..,..,..,..,..,..,..,..,..,..,..,..,..,..,..,..,..,..,..,..,..,..,..,..,..,..,0.421002686,..,0.301575392,..,0.370262295,..,0.20888038,0.35301125,0.369521201,0.311570793,0.155884758,0.103202336,0.112552218,0.226648018,0.372421801,0.319815338,0.386670023,0.418842435,0.553396463,0.582566559,0.676383555,0.518651903,0.466041952,0.666305542,0.778560698,0.824572265,0.746974111,0.78154552
Lithuania,LTU,Government Effectiveness: Estimate,GE.EST,..,..,..,..,..,..,..,..,..,..,..,..,..,..,..,..,..,..,..,..,..,..,..,..,..,..,..,..,..,..,..,..,..,..,..,..,0.527473867,..,0.309278876,..,0.098632507,..,0.494154572,0.729680181,0.691371083,0.75501132,0.716516495,0.655761361,0.561739922,0.6899423,0.738227606,0.698798895,0.826729953,0.82589978,0.977036238,1.150467277,1.032859445,0.929402828,1.031447411,1.007666111,1.014909744,1.017449498,0.993961573,1.050121188
Lithuania,LTU,Rule of Law: Estimate,RL.EST,..,..,..,..,..,..,..,..,..,..,..,..,..,..,..,..,..,..,..,..,..,..,..,..,..,..,..,..,..,..,..,..,..,..,..,..,0.449879706,..,0.552288771,..,0.218402535,..,0.397895068,0.485247016,0.560759306,0.577139497,0.706575036,0.685900152,0.684017599,0.722068608,0.77632606,0.76803118,0.844753981,0.82999891,0.937465847,0.978209198,0.996741414,0.961514294,0.923098207,0.985989809,0.948482454,1.074646473,1.060332298,1.267196178
Lithuania,LTU,Political Stability and Absence of Violence/Terrorism: Estimate,PV.EST,..,..,..,..,..,..,..,..,..,..,..,..,..,..,..,..,..,..,..,..,..,..,..,..,..,..,..,..,..,..,..,..,..,..,..,..,0.524631858,..,0.429658592,..,0.428785473,..,0.893210649,1.050185442,0.76600486,0.779100299,0.870995998,0.817851543,0.746765077,0.631581247,0.715260625,0.671200335,0.786209881,0.964532316,0.742136419,0.749750257,0.814721227,0.765565991,0.729236841,0.770623565,0.92147696,0.809846818,0.653032541,0.742111504
Lithuania,LTU,Voice and Accountability: Estimate,VA.EST,..,..,..,..,..,..,..,..,..,..,..,..,..,..,..,..,..,..,..,..,..,..,..,..,..,..,..,..,..,..,..,..,..,..,..,..,0.97710377,..,0.93635422,..,0.855439901,..,0.904892266,0.920530558,0.882494092,0.902132928,0.861287594,0.886551917,0.849656224,0.902184904,0.915654838,0.860525906,0.92950964,0.940006256,0.961604714,0.973996103,1.000213504,0.986630261,0.901560366,0.994787633,1.004180908,1.030336022,1.067785859,1.07111299
Luxembourg,LUX,Control of Corruption: Estimate,CC.EST,..,..,..,..,..,..,..,..,..,..,..,..,..,..,..,..,..,..,..,..,..,..,..,..,..,..,..,..,..,..,..,..,..,..,..,..,1.951374531,..,1.88688314,..,1.983982921,..,2.010144949,1.643057108,1.822564006,1.647415757,1.873079538,1.961524487,1.957137346,1.963537812,2.038584948,2.153153419,2.114363909,2.115706205,2.069159031,2.053510666,2.049894571,1.941121459,2.048039198,2.072476864,2.023699522,1.840929389,1.88359046,1.926659107
Luxembourg,LUX,Government Effectiveness: Estimate,GE.EST,..,..,..,..,..,..,..,..,..,..,..,..,..,..,..,..,..,..,..,..,..,..,..,..,..,..,..,..,..,..,..,..,..,..,..,..,1.959734678,..,1.963496685,..,1.890468955,..,1.975256443,1.856021643,1.877316236,1.772086024,1.566826224,1.586041331,1.616686344,1.743514419,1.716418028,1.742659092,1.663621902,1.622422099,1.647940159,1.692703009,1.655891657,1.645442963,1.73641336,1.695484519,1.792388916,1.677256942,1.772227883,1.9142133
Luxembourg,LUX,Rule of Law: Estimate,RL.EST,..,..,..,..,..,..,..,..,..,..,..,..,..,..,..,..,..,..,..,..,..,..,..,..,..,..,..,..,..,..,..,..,..,..,..,..,1.709999084,..,1.763727546,..,1.815313816,..,1.870569706,1.827028513,1.844977856,1.818800569,1.686774373,1.747909904,1.78934145,1.819683671,1.844100356,1.823530078,1.791685104,1.807559133,1.901979804,1.838133812,1.719837427,1.699090481,1.767955899,1.74955821,1.735900402,1.747622013,1.768510461,1.752434731
Luxembourg,LUX,Political Stability and Absence of Violence/Terrorism: Estimate,PV.EST,..,..,..,..,..,..,..,..,..,..,..,..,..,..,..,..,..,..,..,..,..,..,..,..,..,..,..,..,..,..,..,..,..,..,..,..,1.381302357,..,1.385318875,..,1.60547471,..,1.637916565,1.44070816,1.315435052,1.331648588,1.399898887,1.483718038,1.511939526,1.450381756,1.461218596,1.317426801,1.331918836,1.335248113,1.378323793,1.426368237,1.403617144,1.312893629,1.347490549,1.333313584,1.212482333,1.194079518,1.064390063,1.054001689
Luxembourg,LUX,Voice and Accountability: Estimate,VA.EST,..,..,..,..,..,..,..,..,..,..,..,..,..,..,..,..,..,..,..,..,..,..,..,..,..,..,..,..,..,..,..,..,..,..,..,..,1.549987316,..,1.524928689,..,1.510186672,..,1.408296943,1.533095598,1.668277264,1.581917882,1.547201157,1.537699461,1.545579076,1.555080533,1.574835777,1.604539394,1.649900675,1.631031394,1.554585576,1.546966076,1.500755072,1.522245407,1.543236852,1.491864204,1.497463703,1.495576143,1.541474581,1.632662892
Netherlands,NLD,Control of Corruption: Estimate,CC.EST,..,..,..,..,..,..,..,..,..,..,..,..,..,..,..,..,..,..,..,..,..,..,..,..,..,..,..,..,..,..,..,..,..,..,..,..,2.081897736,..,2.089596987,..,2.138006687,..,2.068361998,1.995902896,1.975515485,1.960848689,2.040526152,2.159472227,2.102768421,2.124158621,2.090060711,2.08139801,2.090583324,2.016869783,1.96052146,1.833373189,1.858350754,1.745578885,1.88914597,1.867612481,1.999983191,2.004242182,1.917200089,1.867100477
Netherlands,NLD,Government Effectiveness: Estimate,GE.EST,..,..,..,..,..,..,..,..,..,..,..,..,..,..,..,..,..,..,..,..,..,..,..,..,..,..,..,..,..,..,..,..,..,..,..,..,1.942934752,..,2.004210949,..,1.983375669,..,1.933444738,1.954801202,2.070499897,1.937736392,1.784922481,1.721766472,1.6871562,1.73591733,1.770326972,1.820997119,1.839369059,1.808733821,1.835469484,1.828625441,1.820286155,1.814021945,1.809736967,1.767152667,1.805217981,1.725136518,1.578898668,1.625531912
Netherlands,NLD,Rule of Law: Estimate,RL.EST,..,..,..,..,..,..,..,..,..,..,..,..,..,..,..,..,..,..,..,..,..,..,..,..,..,..,..,..,..,..,..,..,..,..,..,..,1.695256948,..,1.742527723,..,1.74453032,..,1.707259417,1.709473133,1.738020301,1.752622843,1.769746184,1.769875288,1.74962914,1.807020068,1.811732054,1.812573433,1.852681756,1.825298429,1.973428607,1.906890035,1.845648885,1.758306026,1.744465113,1.734739423,1.706331134,1.698627353,1.656765938,1.642504454
Netherlands,NLD,Political Stability and Absence of Violence/Terrorism: Estimate,PV.EST,..,..,..,..,..,..,..,..,..,..,..,..,..,..,..,..,..,..,..,..,..,..,..,..,..,..,..,..,..,..,..,..,..,..,..,..,1.526125789,..,1.594803452,..,1.758681178,..,1.302679896,1.16180563,1.016239166,0.988100886,0.902736187,0.778468788,0.863551974,0.945019245,0.940750122,1.113630772,1.187464714,1.143815398,1.045115352,0.912540197,0.896933198,0.907123685,0.838281274,0.821324944,0.830933392,0.893059194,0.726799548,0.658281982
Netherlands,NLD,Voice and Accountability: Estimate,VA.EST,..,..,..,..,..,..,..,..,..,..,..,..,..,..,..,..,..,..,..,..,..,..,..,..,..,..,..,..,..,..,..,..,..,..,..,..,1.557145357,..,1.562134027,..,1.543961287,..,1.469413996,1.52679491,1.696608305,1.666020036,1.539821029,1.523433328,1.483085513,1.464387774,1.450568914,1.537047744,1.605585456,1.566903234,1.547208667,1.561302662,1.540806055,1.496197343,1.499813557,1.483594537,1.520005703,1.489902139,1.54713273,1.5562644
Poland,POL,Control of Corruption: Estimate,CC.EST,..,..,..,..,..,..,..,..,..,..,..,..,..,..,..,..,..,..,..,..,..,..,..,..,..,..,..,..,..,..,..,..,..,..,..,..,0.707913816,..,0.788555205,..,0.695001423,..,0.381513625,0.401545793,0.106035829,0.247518659,0.25655055,0.283813983,0.452767491,0.43509984,0.513736725,0.562475681,0.659753621,0.645680547,0.681905627,0.694461524,0.759568095,0.698781192,0.622786522,0.611018896,0.618671596,0.546135545,0.506645441,0.565399945
Poland,POL,Government Effectiveness: Estimate,GE.EST,..,..,..,..,..,..,..,..,..,..,..,..,..,..,..,..,..,..,..,..,..,..,..,..,..,..,..,..,..,..,..,..,..,..,..,..,0.681182623,..,0.624520898,..,0.568725228,..,0.45492664,0.509646177,0.439104021,0.446039796,0.332138866,0.358851343,0.462065756,0.517221808,0.630121887,0.596360862,0.657871425,0.659244895,0.768983722,0.741088748,0.651506066,0.55077678,0.546892524,0.512824833,0.324195117,0.254306376,0.258881956,0.4214378
Poland,POL,Rule of Law: Estimate,RL.EST,..,..,..,..,..,..,..,..,..,..,..,..,..,..,..,..,..,..,..,..,..,..,..,..,..,..,..,..,..,..,..,..,..,..,..,..,0.767495036,..,0.798767924,..,0.633313119,..,0.670436203,0.510291219,0.416306943,0.470091373,0.382761627,0.40907228,0.550622165,0.645846784,0.712359011,0.794908702,0.817868531,0.839544833,0.871605873,0.803594649,0.593824148,0.400895059,0.376929373,0.391241819,0.524749398,0.425569206,0.428134799,0.458741248
Poland,POL,Political Stability and Absence of Violence/Terrorism: Estimate,PV.EST,..,..,..,..,..,..,..,..,..,..,..,..,..,..,..,..,..,..,..,..,..,..,..,..,..,..,..,..,..,..,..,..,..,..,..,..,0.830644667,..,0.838597417,..,0.309305251,..,0.743997812,0.578085065,0.153857663,0.363082945,0.354031831,0.68284601,0.911096275,0.938135386,1.01733005,1.072062969,1.04947865,0.973354995,0.842940807,0.862319052,0.496157646,0.509756148,0.480488688,0.550716519,0.491619498,0.491903543,0.505146444,0.559584558
Poland,POL,Voice and Accountability: Estimate,VA.EST,..,..,..,..,..,..,..,..,..,..,..,..,..,..,..,..,..,..,..,..,..,..,..,..,..,..,..,..,..,..,..,..,..,..,..,..,1.042701244,..,1.087616324,..,1.075671673,..,1.087819576,1.012596726,1.016627669,0.944372296,0.803532481,0.879502356,0.953482151,1.026872396,1.037611127,1.027627707,1.064275742,0.998090982,1.105088472,1.039759159,0.844245732,0.776027858,0.710338831,0.671802282,0.615374744,0.579096437,0.603501916,0.626450896
Portugal,PRT,Control of Corruption: Estimate,CC.EST,..,..,..,..,..,..,..,..,..,..,..,..,..,..,..,..,..,..,..,..,..,..,..,..,..,..,..,..,..,..,..,..,..,..,..,..,1.371544838,..,1.252704144,..,1.148266554,..,1.218020082,1.119102359,1.125666976,1.061878324,1.00923574,1.028802752,1.059230208,1.085582972,1.062663555,1.081251621,0.955447733,0.912171781,0.909372628,0.892139912,0.858934999,0.821428776,0.80631566,0.745498478,0.721146345,0.741993845,0.728919625,0.69631207
Portugal,PRT,Government Effectiveness: Estimate,GE.EST,..,..,..,..,..,..,..,..,..,..,..,..,..,..,..,..,..,..,..,..,..,..,..,..,..,..,..,..,..,..,..,..,..,..,..,..,1.27418983,..,1.111658931,..,0.97235024,..,1.152351022,1.106794357,1.044280171,1.051133513,0.86763078,0.894493699,1.077384591,1.152205229,0.981475115,0.921245933,1.001914859,1.194217801,0.983170331,1.157934546,1.148328543,1.294049144,1.181151748,1.134185791,0.979601145,0.952431321,1.001133561,0.98755002
Portugal,PRT,Rule of Law: Estimate,RL.EST,..,..,..,..,..,..,..,..,..,..,..,..,..,..,..,..,..,..,..,..,..,..,..,..,..,..,..,..,..,..,..,..,..,..,..,..,1.286294818,..,1.242640018,..,1.200192928,..,1.307514071,1.276252508,1.233051419,1.224315524,0.97526747,1.003112078,1.011244416,1.058413267,1.025784135,0.996393919,1.036111951,1.038645983,1.119464874,1.101894259,1.043332815,1.103977561,1.107980847,1.106359124,1.156680584,1.105027437,1.112218261,1.0676651
Portugal,PRT,Political Stability and Absence of Violence/Terrorism: Estimate,PV.EST,..,..,..,..,..,..,..,..,..,..,..,..,..,..,..,..,..,..,..,..,..,..,..,..,..,..,..,..,..,..,..,..,..,..,..,..,1.286039114,..,1.369090557,..,1.394764066,..,1.437048197,1.289688826,0.969877243,1.016647577,0.952390611,0.821809351,0.987546325,0.787381768,0.717686951,0.741739273,0.775272608,0.748763442,0.806274414,0.904212952,0.958625793,1.106169701,1.115307212,1.051751852,1.008731127,0.937390149,0.795802593,0.712578118
Portugal,PRT,Voice and Accountability: Estimate,VA.EST,..,..,..,..,..,..,..,..,..,..,..,..,..,..,..,..,..,..,..,..,..,..,..,..,..,..,..,..,..,..,..,..,..,..,..,..,1.497632861,..,1.434567332,..,1.357868314,..,1.304545403,1.409579992,1.464911222,1.430305123,1.232661724,1.231420636,1.201863885,1.128242373,1.107203007,1.107910514,1.028528333,1.066888571,1.107438207,1.128720045,1.157585859,1.198248625,1.178526998,1.194548488,1.255300164,1.246310353,1.257693529,1.211282969
Romania,ROU,Control of Corruption: Estimate,CC.EST,..,..,..,..,..,..,..,..,..,..,..,..,..,..,..,..,..,..,..,..,..,..,..,..,..,..,..,..,..,..,..,..,..,..,..,..,-0.446042687,..,-0.649806619,..,-0.51061976,..,-0.440713197,-0.410669893,-0.322501838,-0.260543019,-0.20915851,-0.23033078,-0.186216146,-0.309800476,-0.352394611,-0.333498508,-0.381443471,-0.301038712,-0.224212572,-0.170948252,-0.178657219,-0.141483217,-0.226882994,-0.236893356,-0.098599784,-0.061378639,0.016491659,0.040495344
Romania,ROU,Government Effectiveness: Estimate,GE.EST,..,..,..,..,..,..,..,..,..,..,..,..,..,..,..,..,..,..,..,..,..,..,..,..,..,..,..,..,..,..,..,..,..,..,..,..,-0.286933869,..,-0.526742637,..,-0.26215899,..,-0.196587816,-0.283442199,-0.174916029,-0.289697856,-0.189176306,-0.352275401,-0.357895225,-0.363970697,-0.112342447,-0.194315672,-0.16948463,0.134710595,0.224672213,0.098790459,-0.068261869,-0.084791303,-0.177138329,-0.215103924,-0.286944449,-0.163359016,-0.000462351,-0.092665948
Romania,ROU,Rule of Law: Estimate,RL.EST,..,..,..,..,..,..,..,..,..,..,..,..,..,..,..,..,..,..,..,..,..,..,..,..,..,..,..,..,..,..,..,..,..,..,..,..,-0.021942498,..,-0.110562637,..,-0.181834966,..,-0.265604585,-0.210054368,-0.186782703,-0.154217437,-0.134708419,-0.105703734,-0.01557025,0.053940374,0.106409565,0.104707606,0.092900537,0.19021526,0.242155746,0.204882145,0.452453494,0.436648339,0.367548227,0.415343642,0.368689924,0.380484432,0.403401881,0.437425792
Romania,ROU,Political Stability and Absence of Violence/Terrorism: Estimate,PV.EST,..,..,..,..,..,..,..,..,..,..,..,..,..,..,..,..,..,..,..,..,..,..,..,..,..,..,..,..,..,..,..,..,..,..,..,..,0.597966731,..,0.500102222,..,-0.379039526,..,0.464840323,0.320030123,0.059348613,0.085602649,0.148430079,0.198067933,0.180609092,0.359366298,0.273600399,0.186090663,0.082341559,0.179133072,0.049136128,0.181799337,0.266823202,0.048514169,0.036318745,0.542255998,0.508950412,0.581789911,0.43113631,0.373643965
Romania,ROU,Voice and Accountability: Estimate,VA.EST,..,..,..,..,..,..,..,..,..,..,..,..,..,..,..,..,..,..,..,..,..,..,..,..,..,..,..,..,..,..,..,..,..,..,..,..,0.286023378,..,0.389990568,..,0.469307065,..,0.386146128,0.299218923,0.367766201,0.408908844,0.517973423,0.498997658,0.514151156,0.464297265,0.432130426,0.376137167,0.318529606,0.311483294,0.42810306,0.486170292,0.541079998,0.598848581,0.533204734,0.515233874,0.585118234,0.593723953,0.56626153,0.503180325
Slovak Republic,SVK,Control of Corruption: Estimate,CC.EST,..,..,..,..,..,..,..,..,..,..,..,..,..,..,..,..,..,..,..,..,..,..,..,..,..,..,..,..,..,..,..,..,..,..,..,..,0.21805428,..,0.057989169,..,0.223054469,..,-0.05063393,0.280685246,0.337021232,0.451420695,0.375256956,0.296645999,0.312199146,0.265569657,0.248165295,0.229635805,0.069280498,0.048900682,0.121957377,0.109913036,0.15208143,0.097416274,0.230296522,0.187729359,0.415226489,0.210813537,0.213295862,0.292565286
Slovak Republic,SVK,Government Effectiveness: Estimate,GE.EST,..,..,..,..,..,..,..,..,..,..,..,..,..,..,..,..,..,..,..,..,..,..,..,..,..,..,..,..,..,..,..,..,..,..,..,..,0.459862679,..,0.535887301,..,0.673051953,..,0.540845692,0.668065965,0.817942023,0.877272308,0.828100264,0.690660715,0.84909904,0.861253202,0.781369269,0.776584029,0.781547546,0.725380659,0.793422878,0.73697716,0.79348284,0.666439116,0.581321478,0.549658775,0.502145827,0.490655839,0.378134668,0.229512304
Slovak Republic,SVK,Rule of Law: Estimate,RL.EST,..,..,..,..,..,..,..,..,..,..,..,..,..,..,..,..,..,..,..,..,..,..,..,..,..,..,..,..,..,..,..,..,..,..,..,..,0.159563527,..,0.168831423,..,0.299946576,..,0.285690129,0.33178857,0.464085937,0.490570605,0.488393605,0.428628772,0.527956009,0.534014344,0.563034415,0.597754776,0.485911757,0.463767737,0.485068291,0.46648401,0.597048819,0.513248086,0.472869635,0.500033498,0.655498803,0.678475678,0.62099874,0.603365183
Slovak Republic,SVK,Political Stability and Absence of Violence/Terrorism: Estimate,PV.EST,..,..,..,..,..,..,..,..,..,..,..,..,..,..,..,..,..,..,..,..,..,..,..,..,..,..,..,..,..,..,..,..,..,..,..,..,0.878931701,..,1.180254579,..,0.663586676,..,0.940030038,0.947933495,0.593536019,0.89807272,0.784178674,1.036687136,1.082136154,0.920496821,1.053316832,0.974757314,1.08840096,1.119518161,1.039121151,0.865759432,0.708230555,0.902731478,0.736685812,0.667368829,0.633981705,0.617919028,0.445335746,0.573219299
Slovak Republic,SVK,Voice and Accountability: Estimate,VA.EST,..,..,..,..,..,..,..,..,..,..,..,..,..,..,..,..,..,..,..,..,..,..,..,..,..,..,..,..,..,..,..,..,..,..,..,..,0.644221544,..,0.710790992,..,0.848681509,..,0.976482391,0.931504726,0.947524965,0.899956763,0.931123257,0.947436213,0.935453057,0.876306593,0.91094625,0.96597904,0.973016918,0.959501922,0.959563911,0.965466559,0.961435556,0.912068963,0.847067475,0.861327171,0.879534602,0.904362619,0.889783502,0.912476003
Slovenia,SVN,Control of Corruption: Estimate,CC.EST,..,..,..,..,..,..,..,..,..,..,..,..,..,..,..,..,..,..,..,..,..,..,..,..,..,..,..,..,..,..,..,..,..,..,..,..,1.114187837,..,1.162774801,..,0.827235401,..,0.773913145,0.898586512,1.015795946,0.902103662,1.026472807,1.009995461,0.939397454,1.051517963,0.91739136,0.941719472,0.832158983,0.72219789,0.721584439,0.737131715,0.784757495,0.776858032,0.835979223,0.888419628,0.777402997,0.692999661,0.767268538,0.776647091
Slovenia,SVN,Government Effectiveness: Estimate,GE.EST,..,..,..,..,..,..,..,..,..,..,..,..,..,..,..,..,..,..,..,..,..,..,..,..,..,..,..,..,..,..,..,..,..,..,..,..,0.887160182,..,0.752557337,..,0.674126327,..,0.789837003,0.897875249,0.901355326,0.885157347,0.954627931,0.888730526,1.11381042,1.143038511,1.014785886,0.976925969,1.018315077,1.000986695,0.996188343,0.936799586,1.087123394,1.129237294,1.082238674,1.041784406,1.12117362,1.137307048,1.068535566,1.039294004
Slovenia,SVN,Rule of Law: Estimate,RL.EST,..,..,..,..,..,..,..,..,..,..,..,..,..,..,..,..,..,..,..,..,..,..,..,..,..,..,..,..,..,..,..,..,..,..,..,..,1.068722963,..,1.177163124,..,0.967030942,..,0.883090198,0.849399567,0.913738012,0.883541584,0.89984107,0.945623457,1.007849693,1.0689044,1.001982331,1.0452075,1.009067059,0.994512796,0.99971199,0.945756257,1.050599575,0.993279338,1.024478436,1.085000753,1.039548635,1.001680136,0.970905185,1.038807869
Slovenia,SVN,Political Stability and Absence of Violence/Terrorism: Estimate,PV.EST,..,..,..,..,..,..,..,..,..,..,..,..,..,..,..,..,..,..,..,..,..,..,..,..,..,..,..,..,..,..,..,..,..,..,..,..,1.311726332,..,1.243130565,..,0.886789322,..,1.303833246,1.18649447,1.081613421,1.092811227,1.085729003,1.098629355,1.149374366,0.936905801,0.866508842,0.969209671,0.935110688,0.88225168,0.965773404,0.947492003,0.979141891,0.866365492,0.894267261,0.801585972,0.701467931,0.755585372,0.709335089,0.818632841
Slovenia,SVN,Voice and Accountability: Estimate,VA.EST,..,..,..,..,..,..,..,..,..,..,..,..,..,..,..,..,..,..,..,..,..,..,..,..,..,..,..,..,..,..,..,..,..,..,..,..,1.275352716,..,1.204610944,..,1.107541919,..,1.130460024,1.124961376,1.112388611,1.092290401,1.06961453,1.062970877,1.01736474,1.055123448,1.048638105,1.056918144,0.999778092,1.001857758,0.956069827,0.986833036,1.010903478,1.006733775,0.970165312,0.977372527,0.932139754,0.90486151,0.976333499,1.079099417
Spain,ESP,Control of Corruption: Estimate,CC.EST,..,..,..,..,..,..,..,..,..,..,..,..,..,..,..,..,..,..,..,..,..,..,..,..,..,..,..,..,..,..,..,..,..,..,..,..,1.129211187,..,1.355995536,..,1.328282833,..,1.316825151,1.348911166,1.337189078,1.327615857,1.177665472,1.079032421,1.178771973,1.054948092,1.160037041,1.163212419,1.170406342,0.926990271,0.689240038,0.63098675,0.569826066,0.510279894,0.612778783,0.666394532,0.711801946,0.715437472,0.685416162,0.629368722
Spain,ESP,Government Effectiveness: Estimate,GE.EST,..,..,..,..,..,..,..,..,..,..,..,..,..,..,..,..,..,..,..,..,..,..,..,..,..,..,..,..,..,..,..,..,..,..,..,..,1.620027184,..,1.597302556,..,1.685757279,..,1.786120415,1.816807151,1.33226645,1.501574278,0.83016777,0.987038195,0.912503183,0.941682339,0.94297415,0.9724015,1.057162166,1.167685986,1.173297644,1.157250285,1.094865799,1.001258492,0.96924603,0.96880877,0.853928566,0.907896876,0.920230389,0.752065539
Spain,ESP,Rule of Law: Estimate,RL.EST,..,..,..,..,..,..,..,..,..,..,..,..,..,..,..,..,..,..,..,..,..,..,..,..,..,..,..,..,..,..,..,..,..,..,..,..,1.435085535,..,1.30619204,..,1.407501459,..,1.228931546,1.247760773,1.128972054,1.117549539,1.119876862,1.153809786,1.183748126,1.156002283,1.156788111,1.1693784,1.037798285,1.025371671,0.966455936,0.886066854,0.965352893,1.024353862,0.978094101,0.990192175,0.860964477,0.843258262,0.799167693,0.822885692
Spain,ESP,Political Stability and Absence of Violence/Terrorism: Estimate,PV.EST,..,..,..,..,..,..,..,..,..,..,..,..,..,..,..,..,..,..,..,..,..,..,..,..,..,..,..,..,..,..,..,..,..,..,..,..,0.17475751,..,0.132018834,..,0.459468246,..,0.438226074,-0.047485888,-0.090546302,0.193026617,-0.150648654,-0.27673164,-0.383085459,-0.47459957,-0.318043739,0.021104537,-0.029516449,0.012017759,0.243121743,0.241160139,0.402214497,0.27084595,0.275906235,0.292768747,0.411448449,0.509235561,0.318843424,0.287291557
Spain,ESP,Voice and Accountability: Estimate,VA.EST,..,..,..,..,..,..,..,..,..,..,..,..,..,..,..,..,..,..,..,..,..,..,..,..,..,..,..,..,..,..,..,..,..,..,..,..,1.319526911,..,1.299594522,..,1.277019858,..,1.27498734,1.27055943,1.323611856,1.1314044,1.07872498,1.123086691,1.185325623,1.176986217,1.122542858,1.085865974,1.064178824,0.988832355,0.993711829,1.044870377,1.041600347,1.021500945,1.029632807,1.035998702,1.004014373,0.99951309,1.01683569,1.194729686
Sweden,SWE,Control of Corruption: Estimate,CC.EST,..,..,..,..,..,..,..,..,..,..,..,..,..,..,..,..,..,..,..,..,..,..,..,..,..,..,..,..,..,..,..,..,..,..,..,..,2.173986197,..,2.169303656,..,2.225827932,..,2.200397491,2.147883654,2.132647514,2.012797594,2.186323404,2.233975649,2.211410761,2.24269557,2.219725847,2.168036461,2.27712059,2.239426613,2.11085391,2.145463467,2.105776548,2.099963188,2.109636784,2.091949463,2.094510555,2.098498106,2.061525345,2.028246164
Sweden,SWE,Government Effectiveness: Estimate,GE.EST,..,..,..,..,..,..,..,..,..,..,..,..,..,..,..,..,..,..,..,..,..,..,..,..,..,..,..,..,..,..,..,..,..,..,..,..,1.921916842,..,1.884492755,..,1.879326344,..,1.962592721,2.01690197,2.099737644,1.887901783,1.800572872,2.018717527,1.946978927,2.041681051,1.962620378,1.925197959,1.911035657,1.788998246,1.681375504,1.684848666,1.663074851,1.675751686,1.671094418,1.674012423,1.670026779,1.610255241,1.572404861,1.601383328
Sweden,SWE,Rule of Law: Estimate,RL.EST,..,..,..,..,..,..,..,..,..,..,..,..,..,..,..,..,..,..,..,..,..,..,..,..,..,..,..,..,..,..,..,..,..,..,..,..,1.795861244,..,1.751435757,..,1.800186872,..,1.842468262,1.886711001,1.872562289,1.797751307,1.851176381,1.891827822,1.91915679,1.958281636,1.930308819,1.91803658,1.928277612,1.950598121,1.975145102,1.990329385,1.952284813,1.819698572,1.784075022,1.792161584,1.767410159,1.699357152,1.688508987,1.604023457
Sweden,SWE,Political Stability and Absence of Violence/Terrorism: Estimate,PV.EST,..,..,..,..,..,..,..,..,..,..,..,..,..,..,..,..,..,..,..,..,..,..,..,..,..,..,..,..,..,..,..,..,..,..,..,..,1.456821561,..,1.399189591,..,1.391772032,..,1.475257516,1.341613293,1.362226844,1.299904823,1.293933988,1.271478295,1.128336549,1.084638238,1.094170451,1.230688095,1.170597196,1.127778053,1.065414786,0.932670474,1.000782132,0.968603015,0.921417594,1.011886358,0.9973768,1.014508009,0.910905123,0.758365273
Sweden,SWE,Voice and Accountability: Estimate,VA.EST,..,..,..,..,..,..,..,..,..,..,..,..,..,..,..,..,..,..,..,..,..,..,..,..,..,..,..,..,..,..,..,..,..,..,..,..,1.518390656,..,1.536840677,..,1.57328856,..,1.50778389,1.548605323,1.739247203,1.584472775,1.48571825,1.510136127,1.520166636,1.546038389,1.542725921,1.612955451,1.690358043,1.658036113,1.611015677,1.565454483,1.565084696,1.569446921,1.580797315,1.55905807,1.498041272,1.492747545,1.526127934,1.574831605
United States,USA,Control of Corruption: Estimate,CC.EST,..,..,..,..,..,..,..,..,..,..,..,..,..,..,..,..,..,..,..,..,..,..,..,..,..,..,..,..,..,..,..,..,..,..,..,..,1.571041226,..,1.54939878,..,1.603597403,..,1.873596668,1.704490542,1.810701966,1.536726952,1.344892621,1.377069235,1.437633395,1.286476374,1.265258074,1.262119055,1.402794003,1.305924892,1.371378064,1.35772121,1.330895662,1.340532541,1.292747378,1.180357099,1.037831903,1.019277573,1.104144692,1.123432636
United States,USA,Government Effectiveness: Estimate,GE.EST,..,..,..,..,..,..,..,..,..,..,..,..,..,..,..,..,..,..,..,..,..,..,..,..,..,..,..,..,..,..,..,..,..,..,..,..,1.524920464,..,1.698527455,..,1.724886537,..,1.620927811,1.540124536,1.740257859,1.531012774,1.581685543,1.643272758,1.605075598,1.502984643,1.552272081,1.513798475,1.52132237,1.516476631,1.461625457,1.43219924,1.440504909,1.51742816,1.536972165,1.453415036,1.274593234,1.297531009,1.255495548,1.217200994
United States,USA,Rule of Law: Estimate,RL.EST,..,..,..,..,..,..,..,..,..,..,..,..,..,..,..,..,..,..,..,..,..,..,..,..,..,..,..,..,..,..,..,..,..,..,..,..,1.500218987,..,1.566960216,..,1.564632893,..,1.516905546,1.554449558,1.418304443,1.528270125,1.592660189,1.611145735,1.628714204,1.591320157,1.631022215,1.590986013,1.620341778,1.549427629,1.606974125,1.563012362,1.580597401,1.608979344,1.475687265,1.42417264,1.336493731,1.389156938,1.369202018,1.327677846
United States,USA,Political Stability and Absence of Violence/Terrorism: Estimate,PV.EST,..,..,..,..,..,..,..,..,..,..,..,..,..,..,..,..,..,..,..,..,..,..,..,..,..,..,..,..,..,..,..,..,..,..,..,..,0.935005784,..,0.879612982,..,1.082809091,..,0.285476923,0.08044035,-0.233039826,-0.060543258,0.490835488,0.374478042,0.582659543,0.447313607,0.438403934,0.591247261,0.632442117,0.643072605,0.582419634,0.662890196,0.385635316,0.262138307,0.386239082,0.118298575,-0.027899733,-0.014424653,0.008700687,0.029424749
United States,USA,Voice and Accountability: Estimate,VA.EST,..,..,..,..,..,..,..,..,..,..,..,..,..,..,..,..,..,..,..,..,..,..,..,..,..,..,..,..,..,..,..,..,..,..,..,..,1.348660827,..,1.336877227,..,1.310166717,..,1.344568133,1.33822763,1.327751994,1.294523597,1.101621866,1.109810472,1.144266844,1.09722805,1.133627057,1.126965761,1.161587,1.102989197,1.071233153,1.109902501,1.110484362,1.007478237,0.995457411,0.905181587,0.856265664,0.876889348,0.860348105,0.877519071
,,,,,,,,,,,,,,,,,,,,,,,,,,,,,,,,,,,,,,,,,,,,,,,,,,,,,,,,,,,,,,,,,,,
,,,,,,,,,,,,,,,,,,,,,,,,,,,,,,,,,,,,,,,,,,,,,,,,,,,,,,,,,,,,,,,,,,,
,,,,,,,,,,,,,,,,,,,,,,,,,,,,,,,,,,,,,,,,,,,,,,,,,,,,,,,,,,,,,,,,,,,
Data from database: World Development Indicators,,,,,,,,,,,,,,,,,,,,,,,,,,,,,,,,,,,,,,,,,,,,,,,,,,,,,,,,,,,,,,,,,,,
Last Updated: 01/28/2025,,,,,,,,,,,,,,,,,,,,,,,,,,,,,,,,,,,,,,,,,,,,,,,,,,,,,,,,,,,,,,,,,,,